Year,Volcanic Explosivity Index,Volcano Type,Flag Tsunami,Flag Earthquake,Name and Country
-141,,Estratovolcán,,,Etna(Italy)
1262,3.0,Volcán subglaciar,,,Katla(Iceland)
1300,4.0,Estratovolcán,,,Hekla(Iceland)
1331,2.0,Caldera volcánica,,,Aso(Japan)
1714,,,True,,Vesuvius(Italy)
1907,,Volcán en escudo,True,,Savai'i(Samoa)
1911,2.0,,,,Asama(Japan)
1913,4.0,Estratovolcán,,,Colima(Mexico)
1944,3.0,Estratovolcán,,,Cleveland(United States)
1952,2.0,Volcán submarino,True,,Myojun Knoll(Japan)
1960,3.0,Estratovolcán,True,True,Puyehue(Chile)
1971,2.0,Estratovolcán,,,La Palma(Spain)
1972,1.0,Estratovolcán,True,,Ritter Island(Papua New Guinea)
1979,3.0,Estratovolcán,,,Soufriere St. Vincent(St. Vincent & the Grenadines)
1983,3.0,Estratovolcán,,True,Miyake-jima(Japan)
1984,3.0,Estratovolcán,,,Etna(Italy)
1990,2.0,Caldera volcánica,,,Aso(Japan)
1991,2.0,Estratovolcán,,,Etna(Italy)
1994,3.0,Estratovolcán,,,Semeru(Indonesia)
2007,,Estratovolcán,,,Salak(Indonesia)
2017,2.0,Estratovolcán,,,Fuego(Guatemala)
2017,,Volcán en escudo,,,Aoba(Vanuatu)
2018,3.0,Volcán en escudo,,,Aoba(Vanuatu)
2019,2.0,Estratovolcán,True,,Stromboli(Italy)
1593,5.0,Estratovolcán,,,Raung(Indonesia)
1609,,Cono volcanico,,,Tengchong(China)
1692,4.0,Estratovolcán,,,Serua(Pacific Ocean)
1718,2.0,Estratovolcán,,,Pico(Portugal)
1846,,Caldera volcánica,,,Taupo(New Zealand)
1866,2.0,Volcán en escudo,,,Santorini(Greece)
1877,0.0,Volcán en escudo,True,True,Mauna Loa(United States)
1883,3.0,Cono de lava,,,Bagana(Papua New Guinea)
1886,4.0,Volcán en escudo,,,Niuafo'ou(Tonga)
1896,2.0,Volcán en escudo,,,Kirishima(Japan)
1902,4.0,Estratovolcán,True,,Pelee(Martinique)
1914,,Volcán en escudo,,,Aoba(Vanuatu)
1923,1.0,Estratovolcán,,,Papandayan(Indonesia)
1928,2.0,Volcán en escudo,,,Santorini(Greece)
1947,,Estratovolcán,,,Akagi(Japan)
1963,5.0,Estratovolcán,True,,Agung(Indonesia)
1963,2.0,Estratovolcán,,,Semeru(Indonesia)
1965,4.0,Estratovolcán,True,,Taal(Philippines)
1973,3.0,Volcán submarino,,,Vestmannaeyjar(Iceland)
1974,3.0,Estratovolcán,,,Karangetang [Api Siau](Indonesia)
1975,0.0,Volcán en escudo,True,True,Kilauea(United States)
1982,5.0,Cono de cenizas,,,"Chichon, El(Mexico)"
1986,3.0,Maar,,,Oku Volc Field(Cameroon)
1992,3.0,Estratovolcán,,,Semeru(Indonesia)
1994,3.0,Estratovolcán,,,Yasur(Vanuatu)
1998,,Estratovolcán,,,San Cristobal(Nicaragua)
2004,2.0,Estratovolcán,,,Tengger Caldera(Indonesia)
2007,,Estratovolcán,,,Huila(Colombia)
2008,,Caldera volcánica,,,Chaiten(Chile)
2008,3.0,Estratovolcán,True,,Kasatochi(United States)
2017,,Estratovolcán,,,Merapi(Indonesia)
-4050,6.0,Caldera volcánica,,,Masaya(Nicaragua)
-2420,5.0,,,,Vesuvius(Italy)
79,5.0,,True,True,Vesuvius(Italy)
1375,5.0,Cono de cenizas,,,"Chichon, El(Mexico)"
1376,3.0,Estratovolcán,,,Kelut(Indonesia)
1538,3.0,Caldera volcánica,,,Campi Flegrei(Italy)
1664,2.0,,,,Unzen(Japan)
1698,3.0,Estratovolcán,,,Cotopaxi(Ecuador)
1775,3.0,Estratovolcán,,,Gamalama(Indonesia)
1800,2.0,Estratovolcán,,,Mayon(Philippines)
1822,4.0,Estratovolcán,,,Usu(Japan)
1822,5.0,Estratovolcán,,,Galunggung(Indonesia)
1840,2.0,Estratovolcán,True,,Gamalama(Indonesia)
1874,3.0,Estratovolcán,,,Miyake-jima(Japan)
1911,,Volcán de lodo,True,,Piparo(Trinidad)
1911,3.0,Estratovolcán,,,Semeru(Indonesia)
1916,3.0,Estratovolcán,True,,Stromboli(Italy)
1928,2.0,,,,Dieng Volc Complex(Indonesia)
1933,2.0,Estratovolcán,True,,Bulusan(Philippines)
1944,2.0,Estratovolcán,,,Usu(Japan)
1953,,Estratovolcán,,,Ruapehu(New Zealand)
1966,4.0,Estratovolcán,,,Kelut(Indonesia)
1966,4.0,Estratovolcán,,,"Lengai, Ol Doinyo(Tanzania)"
1969,,Caldera volcánica,,,Narugo(Japan)
1971,3.0,Estratovolcán,,,"Hudson, Cerro(Chile)"
1973,2.0,,,,Iliwerung(Indonesia)
1979,2.0,Estratovolcán,,,Karkar(Papua New Guinea)
1981,2.0,Estratovolcán,,,Etna(Italy)
1982,5.0,Cono de cenizas,,True,"Chichon, El(Mexico)"
1993,2.0,,,,Galeras(Colombia)
2002,3.0,Estratovolcán,,True,Etna(Italy)
2008,,Estratovolcán,,,Huila(Colombia)
2011,4.0,Estratovolcán,,,Puyehue(Chile)
2013,,Domo de lava,,,Okataina(New Zealand)
2014,3.0,,,,On-take(Japan)
2014,,Estratovolcán,,,Gamalama(Indonesia)
2018,,Estratovolcán,,,Mayon(Philippines)
2018,4.0,Estratovolcán,,,Manam(Papua New Guinea)
200,,Campo volcánico,,,"Arhab, Harra of(Yemen)"
640,2.0,Campo volcánico,,,"Uwayrid, Harrat(Saudi Arabia)"
1169,,Estratovolcán,True,,Etna(Italy)
1600,6.0,Estratovolcán,,True,Huaynaputina(Peru)
1629,2.0,Caldera volcánica,,,Grimsvotn(Iceland)
1717,3.0,Estratovolcán,,,Bardarbunga(Iceland)
1778,4.0,Estratovolcán,,,Raikoke(Russia)
1789,2.0,Estratovolcán,,,Oshima(Japan)
1805,2.0,,,,Vesuvius(Italy)
1829,2.0,,,,Guntur(Indonesia)
1837,,,True,True,Peuet Sague(Indonesia)
1853,2.0,Volcán submarino,True,,Unnamed(Taiwan)
1854,2.0,Caldera volcánica,,,Aso(Japan)
1860,2.0,Estratovolcán,,,Semeru(Indonesia)
1871,2.0,Estratovolcán,True,True,Camiguin(Philippines)
1875,5.0,Estratovolcán,,,Askja(Iceland)
1886,4.0,Estratovolcán,,,Tungurahua(Ecuador)
1886,2.0,Domo de lava,,,Okataina(New Zealand)
1893,4.0,Estratovolcán,,,Calbuco(Chile)
1951,3.0,Estratovolcán,,,Camiguin(Philippines)
1953,2.0,Volcán submarino,True,,Myojun Knoll(Japan)
1957,,,,,Unzen(Japan)
1981,3.0,Estratovolcán,,,Semeru(Indonesia)
1993,,Estratovolcán,,,Wurlali(Indonesia)
1993,1.0,Estratovolcán,,,Pinatubo(Philippines)
1996,2.0,Estratovolcán,,,Kanlaon(Philippines)
2013,,Estratovolcán,,,Mayon(Philippines)
2017,,Estratovolcán,,,Etna(Italy)
2017,,,,,Dieng Volc Complex(Indonesia)
-1750,6.0,Estratovolcán,,,Veniaminof(United States)
847,6.0,Estratovolcán,,,Bona-Churchill(United States)
930,6.0,Estratovolcán,,,Ceboruco(Mexico)
1158,4.0,Estratovolcán,,,Hekla(Iceland)
1329,1.0,Estratovolcán,,,Etna(Italy)
1510,4.0,Estratovolcán,,,Hekla(Iceland)
1615,3.0,Caldera volcánica,,,Banda Api(Pacific Ocean)
1617,3.0,Estratovolcán,,,Fuego(Guatemala)
1646,4.0,Estratovolcán,,,Makian(Indonesia)
1677,2.0,Estratovolcán,,,La Palma(Spain)
1784,0.0,Volcán en escudo,,,Hualalai(United States)
1800,5.0,Estratovolcán,,,St. Helens(United States)
1820,2.0,Caldera volcánica,,,Banda Api(Pacific Ocean)
1827,2.0,Estratovolcán,True,True,Avachinsky(Russia)
1843,2.0,Estratovolcán,,,Etna(Italy)
1847,2.0,,,,Dieng Volc Complex(Indonesia)
1857,,,True,True,Umboi(Papua New Guinea)
1866,2.0,Volcán en escudo,True,,Ofu-Olosega(United States)
1870,2.0,Estratovolcán,,,Ruang(Indonesia)
1870,3.0,,,,Iliwerung(Indonesia)
1885,3.0,Estratovolcán,,True,Purace(Colombia)
1897,2.0,Estratovolcán,True,,Tinakula(Solomon Is.)
1902,4.0,Estratovolcán,True,,Soufriere St. Vincent(St. Vincent & the Grenadines)
1903,,Volcán en escudo,,,Karthala(Comoros)
1932,3.0,Estratovolcán,,,Kusatsu-Shirane(Japan)
1951,2.0,Volcán submarino,True,,Kavachi(Solomon Is.)
1971,,Estratovolcán,,,Kusatsu-Shirane(Japan)
1991,1.0,Estratovolcán,,,Lokon-Empung(Indonesia)
1995,3.0,,,,Pacaya(Guatemala)
1998,,Volcán en escudo,,,Kilauea(United States)
1999,2.0,Estratovolcán,,,Fuego(Guatemala)
2011,3.0,Estratovolcán,,,Gamalama(Indonesia)
2017,,Estratovolcán,,,Sinabung(Indonesia)
-3550,6.0,Estratovolcán,,,Pinatubo(Philippines)
1050,,Volcán en escudo,True,,Santorini(Greece)
1177,3.0,Volcán subglaciar,,,Katla(Iceland)
1595,4.0,Estratovolcán,,,Ruiz(Colombia)
1598,3.0,Caldera volcánica,,,Banda Api(Pacific Ocean)
1638,4.0,Estratovolcán,,,Raung(Indonesia)
1659,3.0,Estratovolcán,,True,San Salvador(El Salvador)
1684,2.0,Caldera volcánica,,,Grimsvotn(Iceland)
1693,4.0,Estratovolcán,True,,Hekla(Iceland)
1694,3.0,Caldera volcánica,,,Banda Api(Pacific Ocean)
1794,3.0,,,,Vesuvius(Italy)
1800,1.0,Fisura volcánica,,,San Jorge(Portugal)
1816,2.0,Caldera volcánica,,,Aso(Japan)
1817,2.0,Estratovolcán,,,Ijen(Indonesia)
1825,,Estratovolcán,,,Balbi(Papua New Guinea)
1846,1.0,Estratovolcán,,,E-san(Japan)
1875,,Estratovolcán,,,Mayon(Philippines)
1889,2.0,Volcán submarino,True,True,Banua Wuhu(Indonesia)
1912,6.0,Caldera volcánica,,,Novarupta(United States)
1953,,,,,Hakone(Japan)
1961,,Estratovolcán,,,Daisetsu(Japan)
1964,1.0,,,,Dieng Volc Complex(Indonesia)
1965,0.0,Volcán submarino,True,,Kick-'em-Jenny(Netherlands)
1971,2.0,Estratovolcán,True,,Tinakula(Solomon Is.)
1976,2.0,Estratovolcán,,,Semeru(Indonesia)
1976,2.0,Estratovolcán,,,Karangetang [Api Siau](Indonesia)
1978,3.0,Estratovolcán,,,Santa Maria(Guatemala)
1983,2.0,Estratovolcán,,,Kliuchevskoi(Russia)
1986,3.0,Estratovolcán,,,Oshima(Japan)
1992,2.0,Estratovolcán,,,Karangetang [Api Siau](Indonesia)
2002,3.0,Estratovolcán,,,Karangetang [Api Siau](Indonesia)
2013,3.0,Estratovolcán,,,Paluweh(Indonesia)
2013,2.0,Estratovolcán,,,Sinabung(Indonesia)
2017,2.0,Estratovolcán,,,Sinabung(Indonesia)
2018,1.0,Caldera volcánica,True,,Krakatau(Indonesia)
2019,,Estratovolcán,,,Ulawun(Papua New Guinea)
-4360,6.0,Caldera volcánica,,,Macauley Island(New Zealand)
-4000,6.0,Caldera volcánica,,,Pago(Papua New Guinea)
-50,6.0,Escudo piroclástico,,,Apoyeque(Nicaragua)
46,3.0,Volcán en escudo,True,,Santorini(Greece)
500,,Campo volcánico,,,"Arhab, Harra of(Yemen)"
787,3.0,,,,Vesuvius(Italy)
1536,3.0,Estratovolcán,,,Etna(Italy)
1690,,,True,,Vesuvius(Italy)
1726,1.0,Estratovolcán,,,Bardarbunga(Iceland)
1730,3.0,Estratovolcán,,,Raung(Indonesia)
1742,3.0,Estratovolcán,,,Cotopaxi(Ecuador)
1749,3.0,Estratovolcán,True,True,Taal(Philippines)
1848,2.0,Estratovolcán,,,Kelut(Indonesia)
1861,3.0,Estratovolcán,,True,Dubbi(Eritrea)
1892,2.0,Caldera volcánica,True,,Tofua(Tonga)
1897,3.0,Estratovolcán,,,Mayon(Philippines)
1902,,Estratovolcán,True,,Pelee(Martinique)
1912,3.0,Volcán en escudo,,,"Nyamuragira(Congo, DRC)"
1919,1.0,Estratovolcán,,,Popocatepetl(Mexico)
1919,,Volcán submarino,True,,Banua Wuhu(Indonesia)
1923,2.0,,True,True,"Cendres, Ile des(Vietnam)"
1929,2.0,Estratovolcán,,,Etna(Italy)
1939,2.0,Estratovolcán,,,Tori-shima(Japan)
1940,2.0,Estratovolcán,,,Karangetang [Api Siau](Indonesia)
1947,2.0,,,,Asama(Japan)
1957,2.0,Estratovolcán,,,Oshima(Japan)
1979,2.0,Caldera volcánica,,,Aso(Japan)
1980,,Estratovolcán,,,Hood(United States)
1989,,Volcán en escudo,,,Kirishima(Japan)
1994,1.0,Caldera volcánica,,,Aso(Japan)
2001,3.0,Estratovolcán,,,Etna(Italy)
2011,2.0,Estratovolcán,,,Bulusan(Philippines)
2014,,Estratovolcán,,,Kelut(Indonesia)
920,4.0,Volcán subglaciar,,,Katla(Iceland)
1104,5.0,Estratovolcán,,,Hekla(Iceland)
1151,1.0,Filas de crateres,,,Krisuvik(Iceland)
1206,2.0,Estratovolcán,,,Hekla(Iceland)
1329,3.0,Estratovolcán,True,True,Etna(Italy)
1485,2.0,Caldera volcánica,,,Aso(Japan)
1550,3.0,,,,Dukono(Indonesia)
1576,3.0,Estratovolcán,,,Colima(Mexico)
1580,4.0,Volcán subglaciar,,,Katla(Iceland)
1598,2.0,,,,Asama(Japan)
1730,2.0,Fisura volcánica,,,Lanzarote(Spain)
1772,3.0,Estratovolcán,,,Papandayan(Indonesia)
1781,4.0,Estratovolcán,True,,Sakura-jima(Japan)
1826,2.0,Caldera volcánica,,,Aso(Japan)
1840,0.0,Volcán en escudo,True,,Kilauea(United States)
1840,3.0,Estratovolcán,,,Savo(Solomon Is.)
1850,2.0,Escudo piroclástico,,,Rabaul(Papua New Guinea)
1858,,Estratovolcán,,,Tate-yama(Japan)
1883,2.0,Volcán en escudo,,,Karthala(Comoros)
1887,3.0,Estratovolcán,,,Mayon(Philippines)
1890,2.0,Estratovolcán,,,Makian(Indonesia)
1902,4.0,Estratovolcán,True,,Pelee(Martinique)
1902,6.0,Estratovolcán,,,Santa Maria(Guatemala)
1936,3.0,,,,Asama(Japan)
1937,2.0,Estratovolcán,,,Llaima(Chile)
1943,3.0,Volcán en escudo,,,"Azul, Cerro(Ecuador)"
1951,4.0,Estratovolcán,,,Lamington(Papua New Guinea)
1970,,Caldera volcánica,,,Campi Flegrei(Italy)
1981,3.0,Estratovolcán,,,Semeru(Indonesia)
1983,1.0,,True,,Iliwerung(Indonesia)
1985,1.0,Estratovolcán,,,Etna(Italy)
1990,3.0,Estratovolcán,,,Sabancaya(Peru)
1990,,Estratovolcán,,,"Nyiragongo(Congo, DRC)"
1997,3.0,Estratovolcán,,,Semeru(Indonesia)
1999,3.0,Estratovolcán,True,,Soufriere Hills(Montserrat)
2000,2.0,Estratovolcán,,,Merapi(Indonesia)
-1860,6.0,Estratovolcán,,,St. Helens(United States)
230,6.0,Caldera volcánica,,,Taupo(New Zealand)
1169,,Estratovolcán,True,True,Etna(Italy)
1566,3.0,Volcán en escudo,,,Kirishima(Japan)
1597,4.0,Estratovolcán,,,Hekla(Iceland)
1640,3.0,Estratovolcán,,,Tungurahua(Ecuador)
1650,4.0,Volcán en escudo,True,,Santorini(Greece)
1660,4.0,Volcán subglaciar,,,Katla(Iceland)
1672,3.0,Estratovolcán,,,Merapi(Indonesia)
1679,,Volcán en escudo,,True,Zukur(Yemen)
1717,3.0,Volcán en escudo,,,Kirishima(Japan)
1741,4.0,Estratovolcán,True,,Oshima-Oshima(Japan)
1753,2.0,Caldera volcánica,,,Grimsvotn(Iceland)
1780,4.0,Estratovolcán,True,,Sakura-jima(Japan)
1817,4.0,Estratovolcán,,,Raung(Indonesia)
1833,2.0,Estratovolcán,,,Kaba(Indonesia)
1841,2.0,Estratovolcán,,,Kuchinoerabu-jima(Japan)
1843,0.0,Estratovolcán,True,,Liamuiga(St. Kitts & Nevis)
1871,2.0,Estratovolcán,True,,Ruang(Indonesia)
1899,2.0,Estratovolcán,,,Manam(Papua New Guinea)
1900,2.0,Volcán en escudo,,,Kirishima(Japan)
1928,3.0,Estratovolcán,,,Mayon(Philippines)
1937,4.0,Escudo piroclástico,True,True,Rabaul(Papua New Guinea)
1946,2.0,Estratovolcán,,,Sakura-jima(Japan)
1953,0.0,,True,,St. Andrew Strait(Papua New Guinea)
1976,3.0,Estratovolcán,,,Sangay(Ecuador)
1977,3.0,Estratovolcán,,,Kliuchevskoi(Russia)
1981,,Estratovolcán,,,Mayon(Philippines)
1992,1.0,Estratovolcán,,,Karangetang [Api Siau](Indonesia)
1994,3.0,Escudo piroclástico,True,,Rabaul(Papua New Guinea)
1997,2.0,Estratovolcán,,,Merapi(Indonesia)
2005,4.0,Estratovolcán,,,Manam(Papua New Guinea)
2006,,Estratovolcán,,,Raoul Island(New Zealand)
2014,,Estratovolcán,,,Fogo(Cape Verde)
2015,2.0,Estratovolcán,,,Manam(Papua New Guinea)
-1900,6.0,Estratovolcán,,,Black Peak(United States)
1477,6.0,Estratovolcán,,,Bardarbunga(Iceland)
1597,3.0,Estratovolcán,,,Raung(Indonesia)
1673,5.0,Estratovolcán,True,,Gamkonora(Indonesia)
1754,4.0,Estratovolcán,True,True,Taal(Philippines)
1768,4.0,Estratovolcán,,,Cotopaxi(Ecuador)
1792,2.0,,True,True,Unzen(Japan)
1814,4.0,Estratovolcán,,,Mayon(Philippines)
1815,7.0,Estratovolcán,True,,Tambora(Indonesia)
1818,4.0,Estratovolcán,,,Colima(Mexico)
1854,3.0,Estratovolcán,True,,Alaid(Russia)
1863,,Estratovolcán,True,True,Yasur(Vanuatu)
1872,4.0,Estratovolcán,,,Merapi(Indonesia)
1884,,Caldera volcánica,True,,Krakatau(Indonesia)
1888,3.0,Estratovolcán,True,,Ritter Island(Papua New Guinea)
1888,4.0,Estratovolcán,,,Bandai(Japan)
1913,2.0,Estratovolcán,,,Semeru(Indonesia)
1916,4.0,Estratovolcán,,,Tungurahua(Ecuador)
1920,3.0,Estratovolcán,,,Merapi(Indonesia)
1946,2.0,Estratovolcán,,,Semeru(Indonesia)
1948,2.0,,,,Iliwerung(Indonesia)
1950,3.0,Estratovolcán,,,Camiguin(Philippines)
1950,2.0,,,,Asama(Japan)
1951,,Estratovolcán,True,True,Cosiguina(Nicaragua)
1956,5.0,Estratovolcán,True,,Bezymianny(Russia)
1958,2.0,Caldera volcánica,True,,Kuwae(Vanuatu)
1967,3.0,Estratovolcán,,,Semeru(Indonesia)
1974,3.0,Estratovolcán,,,Sakura-jima(Japan)
1979,1.0,,,,Dieng Volc Complex(Indonesia)
1984,3.0,Estratovolcán,,,Mayon(Philippines)
1988,3.0,Caldera volcánica,,,Banda Api(Pacific Ocean)
1993,1.0,Caldera volcánica,,,Krakatau(Indonesia)
1996,2.0,Estratovolcán,True,,Karymsky(Russia)
1997,,Estratovolcán,True,,Soufriere Hills(Montserrat)
2006,2.0,Estratovolcán,,,Bulusan(Philippines)
2007,4.0,Estratovolcán,,,Manam(Papua New Guinea)
2007,,Estratovolcán,,,"Tair, Jebel at(Yemen)"
2011,,Volcán en escudo,,,Kirishima(Japan)
2012,,Volcán en escudo,,,Tolbachik(Russia)
2018,1.0,Volcán en escudo,True,True,Kilauea(United States)
2020,,Estratovolcán,True,True,Ijen(Indonesia)
50,6.0,Escudo piroclástico,,,Ambrym(Vanuatu)
590,,Estratovolcán,,,San Salvador(El Salvador)
1302,,,,,Ischia(Italy)
1568,3.0,Estratovolcán,,,Savo(Solomon Is.)
1570,,Estratovolcán,,,Mombacho(Nicaragua)
1663,5.0,Estratovolcán,,,Usu(Japan)
1693,,Estratovolcán,,True,Etna(Italy)
1755,4.0,Volcán subglaciar,,,Katla(Iceland)
1843,2.0,Estratovolcán,,,Lamongan(Indonesia)
1872,3.0,,,,Vesuvius(Italy)
1878,2.0,Volcán en escudo,True,True,Okmok(United States)
1913,3.0,Escudo piroclástico,,,Ambrym(Vanuatu)
1949,2.0,Estratovolcán,,,Purace(Colombia)
1957,2.0,Caldera volcánica,,,Aso(Japan)
1963,3.0,Estratovolcán,,,Irazu(Costa Rica)
1971,3.0,Estratovolcán,,,Fuego(Guatemala)
1992,3.0,Cono de escoria,,,"Negro, Cerro(Nicaragua)"
1997,,Estratovolcán,,,Hakkoda Group(Japan)
1997,,Estratovolcán,,,Adatara(Japan)
1997,,Caldera volcánica,,,Aso(Japan)
2004,1.0,Estratovolcán,,,Egon(Indonesia)
2013,,Estratovolcán,,,Paluweh(Indonesia)
2013,,Estratovolcán,,,Sakura-jima(Japan)
2015,,Estratovolcán,,,Karangetang [Api Siau](Indonesia)
-1460,6.0,Caldera volcánica,,,Taupo(New Zealand)
1000,7.0,Estratovolcán,,,Changbaishan(North Korea)
1727,4.0,Estratovolcán,,,Oraefajokull(Iceland)
1826,3.0,Estratovolcán,,,Kelut(Indonesia)
1868,2.0,Volcán en escudo,True,True,Mauna Loa(United States)
1869,2.0,Estratovolcán,,,Lewotobi(Indonesia)
1895,2.0,Caldera volcánica,,,Dakataua(Papua New Guinea)
1900,2.0,Estratovolcán,,,Adatara(Japan)
1900,,Cono volcanico,,,Tullu Moje(Ethiopia)
1902,2.0,Estratovolcán,,,Merapi(Indonesia)
1907,2.0,Estratovolcán,,,Lewotobi(Indonesia)
1913,2.0,Estratovolcán,True,True,Awu(Indonesia)
1930,3.0,,,,Asama(Japan)
1932,,Estratovolcán,,,Merapi(Indonesia)
1938,1.0,Volcán en escudo,True,,"Nyamuragira(Congo, DRC)"
1938,2.0,Estratovolcán,,,Mayon(Philippines)
1954,,Estratovolcán,,,Camiguin(Philippines)
1958,2.0,Estratovolcán,,,Mahawu(Indonesia)
1961,,Estratovolcán,,,Tate-yama(Japan)
1964,2.0,Estratovolcán,,,Paluweh(Indonesia)
1992,4.0,Estratovolcán,,,Spurr(United States)
1995,,Estratovolcán,,,Parker(Philippines)
1998,,Estratovolcán,,,Kelut(Indonesia)
2000,3.0,Estratovolcán,,,Arenal(Costa Rica)
2010,1.0,,,,Pacaya(Guatemala)
2010,,Estratovolcán,,,Merapi(Indonesia)
2011,,Estratovolcán,,,Lokon-Empung(Indonesia)
2013,,Estratovolcán,,,Merapi(Indonesia)
2016,,Estratovolcán,,,Rinjani(Indonesia)
2018,,Volcán en escudo,,,Kilauea(United States)
1280,6.0,Caldera volcánica,,,Quilotoa(Ecuador)
1540,4.0,Domo de lava,True,,Augustine(United States)
1660,6.0,,True,,Long Island(Papua New Guinea)
1858,,Estratovolcán,,True,Tate-yama(Japan)
1864,2.0,Estratovolcán,,,Kelut(Indonesia)
1873,2.0,Estratovolcán,,,Ragang(Philippines)
1902,3.0,Estratovolcán,,,Tori-shima(Japan)
1907,2.0,Volcán en escudo,,,Alayta(Ethiopia)
1909,2.0,Estratovolcán,,,Semeru(Indonesia)
1919,4.0,Estratovolcán,,,Kelut(Indonesia)
1919,,Estratovolcán,,,Nasu(Japan)
1920,3.0,Estratovolcán,,,Izalco(El Salvador)
1938,,Estratovolcán,,,Bandai(Japan)
1949,3.0,Estratovolcán,,,Villarrica(Chile)
1963,3.0,Estratovolcán,,,Fuego(Guatemala)
1968,3.0,Estratovolcán,,,Mayon(Philippines)
1985,3.0,Estratovolcán,,,Semeru(Indonesia)
1992,2.0,,,,Marapi(Indonesia)
2001,2.0,Estratovolcán,,,Stromboli(Italy)
2004,4.0,Estratovolcán,,,Manam(Papua New Guinea)
2010,,Estratovolcán,True,True,Sarigan(United States)
2018,2.0,Estratovolcán,,True,Etna(Italy)
2020,,Estratovolcán,,,Taal(Philippines)
-3580,6.0,Estratovolcán,,,Taal(Philippines)
-2040,6.0,,,,Long Island(Papua New Guinea)
653,6.0,Caldera volcánica,,,Dakataua(Papua New Guinea)
683,6.0,Escudo piroclástico,,,Rabaul(Papua New Guinea)
950,,Volcán subglaciar,,,Katla(Iceland)
1580,3.0,Fisura volcánica,,,San Jorge(Portugal)
1581,4.0,Estratovolcán,,,Fuego(Guatemala)
1608,3.0,Estratovolcán,True,,Gamalama(Indonesia)
1625,5.0,Volcán subglaciar,,,Katla(Iceland)
1660,4.0,Estratovolcán,,,Teon(Pacific Ocean)
1773,2.0,Estratovolcán,,,Gamalama(Indonesia)
1779,2.0,,,,Vesuvius(Italy)
1801,2.0,Estratovolcán,,,Chokai(Japan)
1804,3.0,Caldera volcánica,,,Shikotsu(Japan)
1820,2.0,Estratovolcán,True,True,Westdahl(United States)
1845,4.0,Estratovolcán,,,Hekla(Iceland)
1867,2.0,,,,Zao(Japan)
1870,2.0,Volcán en escudo,,,Aoba(Vanuatu)
1910,,Caldera volcánica,,,Taupo(New Zealand)
1952,,,,,Hakone(Japan)
1953,2.0,Caldera volcánica,,,Aso(Japan)
1963,3.0,Estratovolcán,,,Irazu(Costa Rica)
1974,1.0,Estratovolcán,True,,Ritter Island(Papua New Guinea)
1986,2.0,Estratovolcán,,,Merapi(Indonesia)
1987,3.0,,,,Pacaya(Guatemala)
1990,,Escudo piroclástico,,,Rabaul(Papua New Guinea)
1993,,Estratovolcán,,,Pinatubo(Philippines)
2000,2.0,Estratovolcán,True,True,Miyake-jima(Japan)
2006,1.0,Estratovolcán,,,Mayon(Philippines)
2009,,Estratovolcán,,,Redoubt(United States)
2016,,Estratovolcán,,,Sinabung(Indonesia)
2018,,Estratovolcán,,,Kusatsu-Shirane(Japan)
2019,2.0,Estratovolcán,,,Stromboli(Italy)
-1645,6.0,Caldera volcánica,,,Aniakchak(United States)
1636,3.0,Estratovolcán,,,Hekla(Iceland)
1669,3.0,Estratovolcán,,,Etna(Italy)
1698,3.0,,True,,Vesuvius(Italy)
1706,2.0,Estratovolcán,True,,Tenerife(Spain)
1707,4.0,Estratovolcán,,True,Fuji(Japan)
1826,2.0,,,,Dieng Volc Complex(Indonesia)
1832,2.0,Estratovolcán,,,Etna(Italy)
1835,5.0,Estratovolcán,,,Cosiguina(Nicaragua)
1860,,Caldera volcánica,,,Grimsvotn(Iceland)
1871,2.0,Estratovolcán,,,Gamalama(Indonesia)
1872,4.0,Estratovolcán,,,Sinarka(Russia)
1899,4.0,Estratovolcán,,,Dona Juana(Colombia)
1905,2.0,,,,Vesuvius(Italy)
1924,2.0,Volcán en escudo,,,Kilauea(United States)
1931,3.0,,,,Asama(Japan)
1947,2.0,Estratovolcán,,,Mayon(Philippines)
1957,2.0,Estratovolcán,,True,Vsevidof(United States)
1963,2.0,Caldera volcánica,,,Batur(Indonesia)
1967,3.0,Estratovolcán,,,"Lengai, Ol Doinyo(Tanzania)"
1969,3.0,Estratovolcán,,,Iya(Indonesia)
1988,3.0,Estratovolcán,,,Semeru(Indonesia)
1990,2.0,Caldera volcánica,,,Aso(Japan)
1994,,Estratovolcán,,True,Huila(Colombia)
1999,4.0,Estratovolcán,,,Shiveluch(Russia)
1999,3.0,Estratovolcán,,,Tungurahua(Ecuador)
2019,2.0,Estratovolcán,,,White Island(New Zealand)
1631,,Volcán en escudo,,True,Dama Ali(Ethiopia)
1659,4.0,Estratovolcán,True,,Teon(Pacific Ocean)
1664,,,True,,Iwo-Tori-shima(Japan)
1707,,Volcán en escudo,True,,Santorini(Greece)
1729,2.0,Caldera volcánica,,,Krafla(Iceland)
1780,4.0,Estratovolcán,,,Sakura-jima(Japan)
1835,,Caldera volcánica,,True,Banda Api(Pacific Ocean)
1843,,Estratovolcán,True,,Soufriere Guadeloupe(Guadeloupe)
1854,5.0,Estratovolcán,,,Shiveluch(Russia)
1856,,Estratovolcán,True,,Shishaldin(United States)
1860,2.0,Estratovolcán,,,Fuego(Guatemala)
1868,,Estratovolcán,True,True,Etna(Italy)
1872,4.0,Estratovolcán,,,Merapi(Indonesia)
1875,0.0,Estratovolcán,,,Kelut(Indonesia)
1878,,Estratovolcán,True,True,Yasur(Vanuatu)
1909,2.0,Estratovolcán,,True,"Cameroon, Mt.(Cameroon)"
1914,3.0,Caldera volcánica,,,Pago(Papua New Guinea)
1917,1.0,Domo de lava,,,Okataina(New Zealand)
1930,2.0,Caldera volcánica,True,,Krakatau(Indonesia)
1930,3.0,Estratovolcán,True,,Stromboli(Italy)
1934,,Estratovolcán,,,Hood(United States)
1946,4.0,Estratovolcán,True,,Sarychev Peak(Russia)
1954,,Estratovolcán,True,,Stromboli(Italy)
1955,3.0,Estratovolcán,,,Sakura-jima(Japan)
1962,,Estratovolcán,,,Merapi(Indonesia)
1990,4.0,Estratovolcán,,,Kelut(Indonesia)
1993,1.0,,,,Unzen(Japan)
2010,3.0,Estratovolcán,,,Karangetang [Api Siau](Indonesia)
2014,,Volcán en escudo,,,Kilauea(United States)
2016,,Estratovolcán,,,Sinabung(Indonesia)
2019,4.0,Estratovolcán,,,Manam(Papua New Guinea)
2019,,Estratovolcán,,,Sinabung(Indonesia)
1357,4.0,Volcán subglaciar,,,Katla(Iceland)
1586,5.0,Estratovolcán,,,Kelut(Indonesia)
1730,,Cono volcanico,,,Tseax River Cone(Canada)
1823,0.0,Volcán en escudo,,,Kilauea(United States)
1832,3.0,Estratovolcán,,,Merapi(Indonesia)
1838,2.0,Estratovolcán,,,Gamalama(Indonesia)
1858,2.0,Estratovolcán,,,Mayon(Philippines)
1872,3.0,Caldera volcánica,,,Aso(Japan)
1879,2.0,Estratovolcán,True,,Stromboli(Italy)
1893,2.0,Estratovolcán,,,Azuma(Japan)
1918,3.0,Volcán submarino,True,,Banua Wuhu(Indonesia)
1940,2.0,Estratovolcán,,,Miyake-jima(Japan)
1966,3.0,Estratovolcán,True,,Tinakula(Solomon Is.)
1970,3.0,Estratovolcán,,,Hekla(Iceland)
1974,4.0,Estratovolcán,,,Fuego(Guatemala)
1975,2.0,,,,Marapi(Indonesia)
1977,1.0,Caldera volcánica,,,Krafla(Iceland)
1984,,,,,On-take(Japan)
1989,,Caldera volcánica,,,Aso(Japan)
1991,,,,,Mutnovsky(Russia)
1991,5.0,Estratovolcán,,,"Hudson, Cerro(Chile)"
1992,,,,,Dieng Volc Complex(Indonesia)
1993,2.0,Estratovolcán,,,Mayon(Philippines)
1995,,,,,Kelimutu(Indonesia)
2015,,Domo de lava,,,Okataina(New Zealand)
2018,,Estratovolcán,True,,Kadovar(Papua New Guinea)
-1890,6.0,Estratovolcán,,,"Hudson, Cerro(Chile)"
-455,4.0,Estratovolcán,,,Cotopaxi(Ecuador)
240,6.0,Estratovolcán,,,Ksudach(Russia)
1362,5.0,Estratovolcán,,,Oraefajokull(Iceland)
1385,3.0,Estratovolcán,,,Kelut(Indonesia)
1630,4.0,Estratovolcán,,,Furnas(Portugal)
1669,3.0,Estratovolcán,,True,Etna(Italy)
1670,2.0,Volcán en escudo,,,Aoba(Vanuatu)
1690,3.0,,,,Guntur(Indonesia)
1766,3.0,Estratovolcán,,,Mayon(Philippines)
1780,3.0,Estratovolcán,,,Aoga-shima(Japan)
1784,4.0,Caldera volcánica,,,Grimsvotn(Iceland)
1890,2.0,Estratovolcán,,,Victory(Papua New Guinea)
1913,1.0,,,,Asama(Japan)
1926,3.0,Estratovolcán,,,Tokachi(Japan)
1932,4.0,Estratovolcán,,,Fuego(Guatemala)
1964,2.0,Estratovolcán,,,Villarrica(Chile)
1967,3.0,Caldera volcánica,True,,Deception Island(Antarctica)
1974,2.0,Estratovolcán,,,Merapi(Indonesia)
1977,1.0,Estratovolcán,,,"Nyiragongo(Congo, DRC)"
1988,3.0,Estratovolcán,,,Lonquimay(Chile)
1991,1.0,,,,Unzen(Japan)
1993,1.0,Estratovolcán,,,Guagua Pichincha(Ecuador)
2008,3.0,Estratovolcán,,,Tungurahua(Ecuador)
2011,3.0,Estratovolcán,,,Nabro(Eritrea)
2013,,Estratovolcán,,,Ubinas(Peru)
2014,,Estratovolcán,,,Sinabung(Indonesia)
2015,,Estratovolcán,,,Sinabung(Indonesia)
-197,3.0,Volcán en escudo,True,True,Santorini(Greece)
60,6.0,Estratovolcán,,,Bona-Churchill(United States)
1631,5.0,,True,True,Vesuvius(Italy)
1682,3.0,,,,Vesuvius(Italy)
1757,0.0,Fisura volcánica,,True,San Jorge(Portugal)
1812,4.0,Estratovolcán,,,Soufriere St. Vincent(St. Vincent & the Grenadines)
1827,2.0,Estratovolcán,,,Avachinsky(Russia)
1846,2.0,Estratovolcán,,,Tangkubanparahu(Indonesia)
1856,4.0,Estratovolcán,,,Komaga-take(Japan)
1883,4.0,Domo de lava,True,,Augustine(United States)
1914,4.0,Estratovolcán,True,True,Sakura-jima(Japan)
1919,3.0,Estratovolcán,True,,Stromboli(Italy)
1927,1.0,Estratovolcán,,,Esjufjoll(Iceland)
1944,2.0,,,,Vesuvius(Italy)
1949,3.0,Estratovolcán,,,Camiguin(Philippines)
1953,2.0,Volcán submarino,True,,Myojun Knoll(Japan)
1968,3.0,Estratovolcán,,,Arenal(Costa Rica)
1972,,,,,Hakone(Japan)
1981,2.0,Estratovolcán,,,Alaid(Russia)
1990,,Estratovolcán,,,Kelut(Indonesia)
1997,3.0,Estratovolcán,,,Soufriere Hills(Montserrat)
2002,3.0,Estratovolcán,,,Semeru(Indonesia)
2006,3.0,Estratovolcán,,,Tungurahua(Ecuador)
1334,3.0,Estratovolcán,,,Kelut(Indonesia)
1564,3.0,Estratovolcán,,,Gamkonora(Indonesia)
1711,3.0,Estratovolcán,,,Awu(Indonesia)
1873,,,,,Vesuvius(Italy)
1877,4.0,Estratovolcán,,,Cotopaxi(Ecuador)
1892,3.0,Estratovolcán,True,,Awu(Indonesia)
1895,2.0,Estratovolcán,,,Semeru(Indonesia)
1895,2.0,Estratovolcán,,,Karkar(Papua New Guinea)
1902,,Estratovolcán,True,,Pelee(Martinique)
1904,2.0,Volcán en escudo,,,Karthala(Comoros)
1906,3.0,,True,,Vesuvius(Italy)
1928,1.0,Estratovolcán,,,Etna(Italy)
1929,3.0,Estratovolcán,,,Calbuco(Chile)
1930,3.0,Estratovolcán,,,Merapi(Indonesia)
1933,3.0,Estratovolcán,True,,Kharimkotan(Russia)
1933,4.0,Estratovolcán,,,Kuchinoerabu-jima(Japan)
1950,1.0,Estratovolcán,,,Semeru(Indonesia)
1972,2.0,Volcán en escudo,,,"Fournaise, Piton de la(Reunion)"
1978,3.0,Estratovolcán,,,Usu(Japan)
1979,,,True,,Iliwerung(Indonesia)
1996,,Estratovolcán,,,Maderas(Nicaragua)
2002,4.0,Estratovolcán,,,Reventador(Ecuador)
2011,4.0,Estratovolcán,,,Tungurahua(Ecuador)
2016,,Caldera volcánica,,,Aso(Japan)
-1010,5.0,Estratovolcán,,,Tungurahua(Ecuador)
350,,Domo de lava,,,Augustine(United States)
1311,4.0,Volcán subglaciar,,,Katla(Iceland)
1587,4.0,Estratovolcán,,,Merapi(Indonesia)
1716,2.0,Estratovolcán,,,Kelut(Indonesia)
1729,1.0,Estratovolcán,,,Bardarbunga(Iceland)
1742,3.0,Estratovolcán,,,Cotopaxi(Ecuador)
1772,3.0,Estratovolcán,True,,Gamalama(Indonesia)
1775,3.0,Estratovolcán,,,Lokon-Empung(Indonesia)
1840,3.0,Estratovolcán,,,Ararat(Turkey)
1871,3.0,Estratovolcán,,,Mayon(Philippines)
1874,2.0,Estratovolcán,,,Taal(Philippines)
1883,6.0,Caldera volcánica,True,,Krakatau(Indonesia)
1885,2.0,Estratovolcán,,,Semeru(Indonesia)
1919,0.0,Volcán en escudo,True,,Mauna Loa(United States)
1939,1.0,,,,Dieng Volc Complex(Indonesia)
1952,2.0,Volcán submarino,True,,Myojun Knoll(Japan)
1952,1.0,Volcán complejo,,,Ambalatungan Group(Philippines)
1961,3.0,Estratovolcán,,,Calbuco(Chile)
1978,3.0,Estratovolcán,,,Semeru(Indonesia)
1984,,Maar,,,Oku Volc Field(Cameroon)
1986,2.0,Estratovolcán,,,Stromboli(Italy)
1987,,,,True,Sirung(Indonesia)
1993,,Volcán en escudo,,,Kilauea(United States)
1996,3.0,Estratovolcán,,,Popocatepetl(Mexico)
2006,3.0,Estratovolcán,,,Tungurahua(Ecuador)
2010,,Estratovolcán,,,Sinabung(Indonesia)
2016,,Caldera volcánica,,,Yellowstone(United States)
-4350,7.0,Caldera volcánica,,,Kikai(Japan)
934,4.0,Volcán subglaciar,,,Katla(Iceland)
1250,,Estratovolcán,,,Fentale(Ethiopia)
1389,3.0,Estratovolcán,,,Hekla(Iceland)
1471,5.0,Estratovolcán,,,Sakura-jima(Japan)
1500,4.0,Volcán subglaciar,,,Katla(Iceland)
1590,3.0,Estratovolcán,,,Colima(Mexico)
1596,2.0,,,,Asama(Japan)
1606,2.0,Estratovolcán,True,,Hachijo-jima(Japan)
1712,2.0,Estratovolcán,,,Bardarbunga(Iceland)
1716,2.0,Estratovolcán,,,Bardarbunga(Iceland)
1737,2.0,,,,Vesuvius(Italy)
1779,4.0,Estratovolcán,,,Sakura-jima(Japan)
1783,4.0,,,,Asama(Japan)
1822,3.0,Estratovolcán,,,Merapi(Indonesia)
1840,3.0,Estratovolcán,,,Tinakula(Solomon Is.)
1845,2.0,Estratovolcán,True,True,Soputan(Indonesia)
1847,2.0,Estratovolcán,,,Fogo(Cape Verde)
1856,3.0,Estratovolcán,True,True,Awu(Indonesia)
1861,4.0,Estratovolcán,,,Makian(Indonesia)
1903,1.0,Domo de lava,,,Okataina(New Zealand)
1951,,,,,Hakone(Japan)
1954,2.0,Estratovolcán,,,Bam(Papua New Guinea)
1958,,Estratovolcán,,,Daisetsu(Japan)
1962,2.0,Estratovolcán,,,Gamalama(Indonesia)
1969,2.0,Estratovolcán,,,Merapi(Indonesia)
1973,3.0,Estratovolcán,,,Paluweh(Indonesia)
1974,3.0,Estratovolcán,,,Sakura-jima(Japan)
1978,,Estratovolcán,,,Tangkubanparahu(Indonesia)
1983,4.0,Estratovolcán,,,Colo [Una Una](Indonesia)
1987,2.0,Estratovolcán,,,Etna(Italy)
1994,3.0,Estratovolcán,,,Rinjani(Indonesia)
1996,3.0,Caldera volcánica,,,Grimsvotn(Iceland)
1997,3.0,Estratovolcán,,,Soufriere Hills(Montserrat)
1999,3.0,Estratovolcán,,,Guagua Pichincha(Ecuador)
2001,2.0,Estratovolcán,,,Merapi(Indonesia)
2002,1.0,Estratovolcán,,,"Nyiragongo(Congo, DRC)"
2011,,Estratovolcán,,,Karangetang [Api Siau](Indonesia)
2012,,Volcán en escudo,,,Kilauea(United States)
2012,,Volcán en escudo,,,Kilauea(United States)
416,,Caldera volcánica,True,,Krakatau(Indonesia)
1311,3.0,Estratovolcán,,,Kelut(Indonesia)
1410,3.0,Estratovolcán,,,Nasu(Japan)
1672,2.0,Estratovolcán,,,Fayal(Portugal)
1780,,Estratovolcán,True,,Sakura-jima(Japan)
1800,2.0,Estratovolcán,,,Kieyo(Tanzania)
1803,2.0,,,,Asama(Japan)
1894,3.0,Escudo piroclástico,,,Ambrym(Vanuatu)
1910,2.0,Estratovolcán,,,Usu(Japan)
1911,2.0,,,,Asama(Japan)
1917,3.0,Estratovolcán,,True,San Salvador(El Salvador)
1923,,Estratovolcán,,,Tangkubanparahu(Indonesia)
1923,2.0,Volcán en escudo,,,Kirishima(Japan)
1929,4.0,Estratovolcán,,,Komaga-take(Japan)
1929,3.0,Estratovolcán,,,Santa Maria(Guatemala)
1939,1.0,Volcán submarino,True,,Kick-'em-Jenny(Netherlands)
1951,3.0,Estratovolcán,,,Kelut(Indonesia)
1966,4.0,Estratovolcán,,,Awu(Indonesia)
1971,2.0,Estratovolcán,,,Villarrica(Chile)
1974,2.0,Domo de lava,,,Niigata-Yake-yama(Japan)
1977,0.0,Volcán en escudo,,,Karthala(Comoros)
1978,2.0,Estratovolcán,,,Bulusan(Philippines)
1982,5.0,Cono de cenizas,,,"Chichon, El(Mexico)"
1986,,,,,Akita-Yake-yama(Japan)
2001,2.0,Estratovolcán,,,Etna(Italy)
2018,1.0,Volcán en escudo,,,Kilauea(United States)
-1610,7.0,Volcán en escudo,True,True,Santorini(Greece)
-150,,,,,St. Andrew Strait(Papua New Guinea)
-100,6.0,Volcán en escudo,,,Okmok(United States)
1341,3.0,Estratovolcán,,,Hekla(Iceland)
1430,,Caldera volcánica,,,Kuwae(Vanuatu)
1510,4.0,Estratovolcán,,,Hekla(Iceland)
1580,6.0,Escudo piroclástico,,,Billy Mitchell(Papua New Guinea)
1698,3.0,Estratovolcán,,,Cereme(Indonesia)
1716,4.0,Estratovolcán,True,True,Taal(Philippines)
1717,3.0,Estratovolcán,,,Fuego(Guatemala)
1721,5.0,Volcán subglaciar,,,Katla(Iceland)
1819,,Estratovolcán,True,,Asuncion(United States)
1845,3.0,Estratovolcán,,,Ruiz(Colombia)
1895,2.0,Volcán en escudo,,,Kirishima(Japan)
1901,,Estratovolcán,True,True,Epi(Vanuatu)
1907,0.0,Volcán submarino,True,True,Unnamed(Tonga)
1928,,Caldera volcánica,True,,Krakatau(Indonesia)
1940,2.0,Estratovolcán,,,"Lengai, Ol Doinyo(Tanzania)"
1946,2.0,Estratovolcán,,,Semeru(Indonesia)
1953,3.0,Estratovolcán,,,Merapi(Indonesia)
1954,,Estratovolcán,,,Tate-yama(Japan)
1961,2.0,,,,Asama(Japan)
1962,3.0,Estratovolcán,,,Tokachi(Japan)
1963,3.0,Estratovolcán,,True,Agung(Indonesia)
1969,2.0,Volcán complejo,True,,Didicas(Philippines)
1997,1.0,Estratovolcán,,,Karangetang [Api Siau](Indonesia)
2000,3.0,Estratovolcán,,,Semeru(Indonesia)
2009,,Volcán en escudo,,,Kilauea(United States)
2011,,Estratovolcán,,,Merapi(Indonesia)
450,6.0,Caldera volcánica,,,Ilopango(El Salvador)
1565,3.0,,,True,Pacaya(Guatemala)
1716,3.0,Volcán en escudo,,,Kirishima(Japan)
1721,1.0,,,,Asama(Japan)
1762,2.0,Estratovolcán,,,Kliuchevskoi(Russia)
1784,,Estratovolcán,,,Sabancaya(Peru)
1786,2.0,,,,Dieng Volc Complex(Indonesia)
1800,,,,,Guntur(Indonesia)
1800,0.0,Volcán en escudo,,,Hualalai(United States)
1839,2.0,Volcán submarino,True,,Unnamed(Chile)
1861,2.0,Caldera volcánica,,,Grimsvotn(Iceland)
1878,3.0,Escudo piroclástico,True,True,Rabaul(Papua New Guinea)
1901,3.0,Estratovolcán,,,Kelut(Indonesia)
1911,3.0,Estratovolcán,True,True,Taal(Philippines)
1917,3.0,Estratovolcán,,,"Lengai, Ol Doinyo(Tanzania)"
1921,,Estratovolcán,,,Nasu(Japan)
1933,,,,,Hakone(Japan)
1941,2.0,Estratovolcán,,,Semeru(Indonesia)
1944,2.0,Estratovolcán,,,Usu(Japan)
1947,4.0,Estratovolcán,,,Hekla(Iceland)
1976,,Estratovolcán,,,Kusatsu-Shirane(Japan)
1979,2.0,Estratovolcán,,,Etna(Italy)
1982,4.0,Estratovolcán,,,Galunggung(Indonesia)
1988,3.0,Estratovolcán,,,Arenal(Costa Rica)
2005,,Volcán en escudo,,,Karthala(Comoros)
2010,,Estratovolcán,,,Tengger Caldera(Indonesia)
-1050,6.0,Estratovolcán,,,Pinatubo(Philippines)
764,4.0,Estratovolcán,,,Sakura-jima(Japan)
766,3.0,Estratovolcán,True,True,Sakura-jima(Japan)
1760,4.0,Estratovolcán,,,Makian(Indonesia)
1766,4.0,Estratovolcán,,,Hekla(Iceland)
1790,4.0,Volcán en escudo,,,Kilauea(United States)
1803,2.0,,,,Asama(Japan)
1813,2.0,,True,,Vesuvius(Italy)
1825,3.0,Estratovolcán,,,Shishaldin(United States)
1869,2.0,Estratovolcán,,,Lamongan(Indonesia)
1883,,Caldera volcánica,True,,Krakatau(Indonesia)
1900,2.0,,,,Asama(Japan)
1914,,Estratovolcán,,,White Island(New Zealand)
1928,3.0,Estratovolcán,True,,Paluweh(Indonesia)
1952,2.0,Volcán submarino,True,,Myojun Knoll(Japan)
1953,0.0,,,,Sirung(Indonesia)
1963,2.0,Estratovolcán,,,Villarrica(Chile)
1976,2.0,Estratovolcán,,,Merapi(Indonesia)
1977,3.0,Estratovolcán,,,Usu(Japan)
1980,5.0,Estratovolcán,True,True,St. Helens(United States)
1981,,Estratovolcán,,,Vilyuchik(Russia)
1985,3.0,Estratovolcán,,,Ruiz(Colombia)
1990,3.0,Estratovolcán,,,Shiveluch(Russia)
1990,3.0,Estratovolcán,,,Santa Maria(Guatemala)
1995,3.0,Estratovolcán,,,Yasur(Vanuatu)
2006,1.0,Estratovolcán,,,Merapi(Indonesia)
2010,2.0,Estratovolcán,,,Eyjafjallajokull(Iceland)
2010,3.0,Estratovolcán,,,Tungurahua(Ecuador)
2011,,Volcán subglaciar,,,Katla(Iceland)
2015,,Estratovolcán,,,Sinabung(Indonesia)
2018,2.0,Escudo piroclástico,,True,Ambrym(Vanuatu)
2019,4.0,Estratovolcán,,,Manam(Papua New Guinea)
-1370,6.0,Caldera volcánica,,,Pago(Papua New Guinea)
710,6.0,Caldera volcánica,,,Pago(Papua New Guinea)
1853,3.0,Estratovolcán,,,Mayon(Philippines)
1872,4.0,Estratovolcán,,,Merapi(Indonesia)
1878,3.0,Estratovolcán,True,,Yasur(Vanuatu)
1905,2.0,Volcán en escudo,True,,Savai'i(Samoa)
1918,4.0,Volcán subglaciar,,,Katla(Iceland)
1944,2.0,Estratovolcán,True,,Stromboli(Italy)
1952,2.0,Volcán submarino,True,,Myojun Knoll(Japan)
1955,4.0,Cono volcanico,,,Carran-Los Venados(Chile)
1961,3.0,Estratovolcán,,,Merapi(Indonesia)
1975,3.0,Estratovolcán,,,Arenal(Costa Rica)
1980,3.0,Estratovolcán,,,Hekla(Iceland)
1981,2.0,Estratovolcán,,,Paluweh(Indonesia)
1988,,,,,Akita-Yake-yama(Japan)
1991,2.0,Volcán en escudo,,,Karthala(Comoros)
1994,3.0,Estratovolcán,,,Merapi(Indonesia)
1995,1.0,Estratovolcán,,,Yake-dake(Japan)
2002,,Estratovolcán,True,,Stromboli(Italy)
2003,3.0,Estratovolcán,True,,Soufriere Hills(Montserrat)
2010,3.0,Estratovolcán,,,Tungurahua(Ecuador)
2018,2.0,Estratovolcán,,,Fuego(Guatemala)
-1550,,Estratovolcán,,,Redoubt(United States)
-250,6.0,Estratovolcán,,,Raoul Island(New Zealand)
1640,5.0,Estratovolcán,True,True,Komaga-take(Japan)
1785,3.0,Estratovolcán,,,Aoga-shima(Japan)
1812,3.0,Estratovolcán,,,Awu(Indonesia)
1853,0.0,Volcán en escudo,,,Niuafo'ou(Tonga)
1892,2.0,Estratovolcán,,,Sorikmarapi(Indonesia)
1917,3.0,Estratovolcán,,,Calbuco(Chile)
1938,1.0,,,,Asama(Japan)
1941,2.0,,,,Asama(Japan)
1943,4.0,Cono de escoria,,,Michoacan-Guanajuato(Mexico)
1944,2.0,,,,Dieng Volc Complex(Indonesia)
1953,1.0,Estratovolcán,,,Oshima(Japan)
1973,,Estratovolcán,,,"Hudson, Cerro(Chile)"
1990,2.0,Caldera volcánica,,,Aso(Japan)
1991,6.0,Estratovolcán,,True,Pinatubo(Philippines)
1992,1.0,Estratovolcán,,,Pinatubo(Philippines)
1995,2.0,Estratovolcán,,,Fogo(Cape Verde)
1996,3.0,Estratovolcán,,,Manam(Papua New Guinea)
2000,,Volcán en escudo,,,Kilauea(United States)
2005,3.0,Estratovolcán,,,Santa Ana(El Salvador)
2006,2.0,Estratovolcán,True,,Soufriere Hills(Montserrat)
2015,,Estratovolcán,,,Calbuco(Chile)
2017,,Caldera volcánica,,,Campi Flegrei(Italy)
2018,,Estratovolcán,,,Kadovar(Papua New Guinea)
2018,,Estratovolcán,,,Ijen(Indonesia)
